diagnosisId,processMetaDataId,
DIA_eb04f2bc-5678-4526-ba36-05f858e09b87,PMD_1ca77749-c154-4315-8261-42073aed2209,
DIA_2ff13860-6ddf-4558-bdfd-2efb451914b8,PMD_b0d092ab-d942-4ecf-a2a9-04b4186c2c9f,
DIA_c01bd1d0-6044-4899-84ae-d9cb264591d9,PMD_6cb5e7c2-ccdf-429c-8256-8bc73ac30a3c,
DIA_75e92552-7d29-41be-897a-9241b202af08,PMD_08594cc5-bac6-452b-9c2e-343861cbef4f,
DIA_1fcb23e7-ede3-4d62-8b8f-b9737d93e751,PMD_a22cbf34-6da2-435e-a6aa-4e3bba15ffb4,
DIA_0bebfdc7-fc17-4635-984b-c81df58a284f,PMD_5d0c8053-dbf7-47c4-98b3-e6483079f867,
DIA_bfb3af41-cf6f-4236-aa75-210d385f903b,PMD_debc5dd8-8c80-48ef-9624-e2a459560457,
DIA_4960f12f-430e-46ca-84af-43a3d2125288,PMD_e6d7f49c-b1a1-4396-afa2-f6ef468398fc,
DIA_0856cf02-cd58-4c1e-a39f-e08081cb4343,PMD_19baa7f9-2a36-4e6a-8049-f428c4534854,
DIA_aa186ac6-a8f5-46fa-b1b3-e826762a7815,PMD_a3715038-c119-42d4-834d-0af50bc1b0f5,
DIA_8fa7a7e0-3fab-43ed-a4f1-2c090a8ef8ec,PMD_96b75f5d-3aa4-4ef2-a908-606e84f5b2a1,
DIA_c6da49a5-da8d-4cad-9a92-3cf68d6d811e,PMD_a22cbf34-6da2-435e-a6aa-4e3bba15ffb4,
DIA_3b9db4b9-5173-4a72-8de4-402075c77e99,PMD_a22cbf34-6da2-435e-a6aa-4e3bba15ffb4,
DIA_83985540-9cfd-4bbb-a391-f5ff9f839f29,PMD_f9931ec5-47c6-47a6-a83b-21602c004561,
DIA_2b00d67f-ba77-4449-a45f-528b28b238fa,PMD_9fae482f-43d1-48f0-a32f-04553c24141e,
DIA_4ae17405-c666-46ec-89b4-0480d84d251e,PMD_dd1682f6-6744-4e34-8130-5e0b6e8bb4a2,
DIA_41f056e4-9656-4a30-9e5c-42e13b73a60d,PMD_31972e2b-7829-4621-8274-0ab570b9ca15,
DIA_3388f145-09b5-4ade-8032-34b65b78e03b,PMD_2cb59ae0-e3e3-4320-a148-3f9fc0d3d786,
DIA_5f2e758d-28f6-4a24-a57f-a5812186d229,PMD_512b5a7a-c95f-4633-ada0-5fe01c81e3d5,
DIA_4728bc5e-1d55-4e77-8beb-f331e69e0405,PMD_0aa4dcd8-ef6f-4675-b31e-84551d4be8b9,
DIA_d18fe7d1-c2ca-479f-8567-18e622f629e5,PMD_1ceb8b5c-856b-49e8-a176-1cef9d20b17f,
DIA_e507bf40-5a86-45ea-ab80-4cc0b618e59a,PMD_f4f0ab3f-545b-471c-87ee-235c8bcdb07d,
DIA_fc446540-7bd5-4aa4-9ded-b30b4aeb77c3,PMD_d7bea3e6-5cdc-4661-98a3-59c2a3c13a83,
DIA_c85bca4f-9d74-40a9-bf2d-f8302d6cb16f,PMD_6857e40d-c444-4542-8c36-7a3dc62a9df5,
DIA_1ee5decd-59c7-4be1-bb2a-2854988cd348,PMD_99350737-1105-494f-be5b-f096debca561,
DIA_51ed2014-fef2-4d2f-be5e-460a581bd2e3,PMD_69d343af-e670-40fc-9e80-7570b0d92229,
DIA_a30d3a8e-c4ac-4e61-bc34-025ce7168c42,PMD_3779ba72-ba59-48a4-955b-d019b18ceb00,
DIA_aded680e-c9d5-4bc7-9cd3-cfdc6f0cd37c,PMD_82cd1ab1-e782-4a1a-9f13-55b8f64d7312,
DIA_88028597-e282-46ed-8799-87e1d2a20baa,PMD_2ea07075-c1de-448d-b216-8b86ce1b603f,
DIA_133838fc-f202-4538-b88b-6e8eff46864b,PMD_2f7c0497-8aa9-409d-8bee-217a1b7a4acc,
DIA_51ba82a2-536b-468b-ac5e-9964e57d3c7c,PMD_afb0e9f3-9747-45d0-a6de-ad85333a6e2d,
DIA_34d58ccb-3ccc-41a4-90b9-e89182a851eb,PMD_a353645d-fa56-43e8-b0ec-1fdd2a67ca81,
DIA_54abde23-6f53-40a3-9416-377146e50ee9,PMD_428bcc0f-203d-4bbb-9db3-5c367c754251,
